"title","feedUrl","iTunesUrl"
"#futucast","http://feeds.soundcloud.com/users/soundcloud:users:314264009/sounds.rss",
"#Porvoopodi","http://feeds.soundcloud.com/users/soundcloud:users:406904712/sounds.rss",
"#rahapodi","http://feeds.soundcloud.com/users/soundcloud:users:156278369/sounds.rss","https://itunes.apple.com/fi/podcast/rahapodi/id1039270351?l=fi&mt=2"
"#Teerenpelit","http://feeds.soundcloud.com/users/soundcloud:users:348855806/sounds.rss",
"#vapaaehtoinen100","http://cms.podcastit.me/podcast/vapaaehtoinen100/feed/","https://itunes.apple.com/fi/podcast/vapaaehtoinen100/id1321970332?mt=2&ls=1#episodeGuid=http%3A%2F%2Fcms.podcastit.me%2F%3Fp%3D173"
"#Yrittäjyys360","http://feeds.soundcloud.com/users/soundcloud:users:391128240/sounds.rss","https://itunes.apple.com/fi/podcast/yritt%C3%A4jyys360/id1343094941?mt=2&i=1000401204583"
"#Älyradio – Salesforce podcast","http://alyradio.podbean.com/feed/",
"12 diktaattoria","https://feeds.yle.fi/areena/v1/series/1-3948085.rss?lang=fi&downloadable=true","https://itunes.apple.com/us/podcast/12-diktaattoria/id1200715561?mt=2"
"@mhonkasalo NBA Podcast","http://feeds.soundcloud.com/users/soundcloud:users:37300831/sounds.rss","https://itunes.apple.com/fi/podcast/mhonkasalo-nba-podcast/id1063033193?l=fi&mt=2"
"@PanuMusakka","http://feeds.soundcloud.com/users/soundcloud:users:223934269/sounds.rss",
"Aatoksia ohjelmistobisneksestä","https://feeds.buzzsprout.com/216615.rss",
"Aavetaajuus","http://aavetaajuus.fi/blog/kategoria/kaikki-podcastit/podcastit/feed/podcast/",
"Afterwork","https://rss.acast.com/afterwork",
"AHAA PODCAST","http://ahaapodcast.podbean.com/feed/",
"Ajatuksia kaupungista","http://feeds.soundcloud.com/users/soundcloud:users:433767183/sounds.rss",
"Ajatuspaja Libera","http://feeds.soundcloud.com/users/soundcloud:users:209250618/sounds.rss","https://itunes.apple.com/fi/podcast/yleinen-tasapaino/id1093784285?l=fi&mt=2"
"Akonniemen avara luonto","https://rss.simplecast.com/podcasts/3458/rss","https://itunes.apple.com/fi/podcast/akonniemen-avara-luonto/id1281251935?mt=2"
"Ali Show","https://feeds.yle.fi/areena/v1/series/1-1926129.rss","https://itunes.apple.com/us/podcast/ali-show/id893473335"
"Alivakuutussihteeri","http://feeds.soundcloud.com/users/soundcloud:users:397085319/sounds.rss",
"Alivaltiosihteeri","http://feeds.yle.fi/areena/v1/series/1-1404351.rss","https://itunes.apple.com/fi/podcast/alivaltiosihteeri/id499238817?mt=2&uo=4&at=10l4Yx&app=itunes"
"All Points North","https://feeds.yle.fi/areena/v1/series/1-4355773.rss?lang=fi&downloadable=true",
"Amerikka","http://jakso.fi/podcastit/amerikka/feed","https://itunes.apple.com/fi/podcast/amerikka/id1176162003?mt=2&at=1000lwWI"
"Anton & Joonas","http://jakso.fi/podcastit/anton-joonas/feed","https://itunes.apple.com/fi/podcast/anton-joonas/id1147116950&at=1000lwWI"
"AntroBlogi","http://www.antroblogi.fi/feed/",
"Apunen/Maliranta","http://www.eva.fi/podcast/feed/","https://itunes.apple.com/fi/podcast/apunen/id1179510347?mt=2"
"Areiopagi podcast","http://www.areiopagi.fi/feed/podcast/",
"Aristoteleen kantapää","http://feeds.yle.fi/areena/v1/series/1-2750116.rss?lang=fi","https://itunes.apple.com/fi/podcast/aristoteleen-kantapaa/id419832083?mt=2&uo=4&at=10l4Yx&app=itunes"
"Arter Oy - Laatulöpinät","http://feeds.soundcloud.com/users/soundcloud:users:335801704/sounds.rss",
"Arvosanoja","http://netprofile.podbean.com/feed/",
"Arvostelutoimisto Podcast","http://feeds.soundcloud.com/users/soundcloud:users:17509393/sounds.rss",
"Askelpalautin","https://askelpalautin.fi/category/podcast/feed/",
"ATK-hetki","https://simplecast.com/podcasts/1632/rss","https://itunes.apple.com/fi/podcast/atk-hetki/id1078546994?mt=2"
"Atk-radio","http://feeds.soundcloud.com/users/soundcloud:users:297290380/sounds.rss",
"Avaruuskahvit","http://feeds.feedburner.com/avaruuskahvit","https://itunes.apple.com/fi/podcast/avaruuskahvit/id1228315917"
"Avokatsomon podcastit – Avokaudio","http://avokatsomo.com/aiheet/avokaudio/feed/",
"Avokonttori","http://feeds.soundcloud.com/users/soundcloud:users:504685413/sounds.rss",
"Backlund&Lange Podcast","http://feeds.soundcloud.com/users/soundcloud:users:337728002/sounds.rss",
"Bioetiikan instituutti","http://www.bioetiikka.fi/?feed=rss2&tag=podcast",
"Biohakkerin podcast","http://biohakkerit.fi/category/podcast/feed/","https://itunes.apple.com/fi/podcast/biohakkerin-podcast/id826803221?mt=2"
"Bisnespöytä - podcast","http://feeds.soundcloud.com/users/soundcloud:users:389358276/sounds.rss",
"Black Box of Content Marketing","http://feeds.soundcloud.com/users/soundcloud:users:308990540/sounds.rss","https://itunes.apple.com/fi/podcast/black-box-of-content-marketing/id1240808037?mt=2"
"Boss Level Podcast","http://simplecast.fm/podcasts/1367/rss","https://itunes.apple.com/fi/podcast/boss-level/id1041885043"
"Cafe au lait - Kahvihetkiä maaimalla","http://feeds.soundcloud.com/users/soundcloud:users:267382178/sounds.rss",
"Cafe Lanzarote","http://rss.acast.com/cafelanzarote","https://itunes.apple.com/us/podcast/cafe-lanzarote/id1074074609?mt=2"
"Cocomms","http://feeds.soundcloud.com/users/soundcloud:users:208447242/sounds.rss",
"CoConainen","http://rss.acast.com/coconainen",
"Del Gorro del Mundo","http://feeds.feedburner.com/DelGorroDelMundo",
"Deloitte Hear'n Go","https://rss.simplecast.com/podcasts/7865/rss","https://itunes.apple.com/fi/podcast/deloitte-hearn-go/id1437608943?mt=2"
"Designtarinoita","http://rss.acast.com/designtarinoita",
"dinglecast","http://feeds.soundcloud.com/users/soundcloud:users:158524868/sounds.rss","https://itunes.apple.com/fi/podcast/dinglecast/id1013777796?mt=2"
"DJ Orion's podcast","http://feeds.feedburner.com/Orionpodcast","https://itunes.apple.com/fi/podcast/dj-orions-podcast/id129522914?mt=2"
"DNA Business - Uuden työn ääniä","http://feeds.soundcloud.com/users/soundcloud:users:206824770/sounds.rss",
"DorkaCast","http://feeds.soundcloud.com/users/soundcloud:users:79574403/sounds.rss",
"eeddcast","https://anchor.fm/s/518a5d8/podcast/rss","https://itunes.apple.com/us/podcast/eeddcast/id1403815762?mt=2"
"Ei Me Tiedetä","http://feeds.soundcloud.com/users/soundcloud:users:87993628/sounds.rss",
"Elinkeinoelämän ääni","https://cms.podcastit.me/podcast/eka/feed/","https://itunes.apple.com/fi/podcast/elinkeinoel%C3%A4m%C3%A4n-%C3%A4%C3%A4ni/id1375906696?mt=2&ls=1#episodeGuid=http%3A%2F%2Fcms.podcastit.me%2F%3Fp%3D602"
"Emilia ja arjen kemiaa","https://rss.acast.com/emiliajaarjenkemiaa","https://itunes.apple.com/fi/podcast/emilia-ja-arjen-kemiaa/id1330906536?mt=2"
"Ennakointikupla","http://ennakointikupla.fi/feed/podcast/",
"Ennen Maailmanloppua -podcast","http://feeds.soundcloud.com/users/soundcloud:users:284728691/sounds.rss",
"Episodi Tuomiolla","http://feeds.soundcloud.com/users/soundcloud:users:134463572/sounds.rss","https://itunes.apple.com/fi/podcast/episodi-tuomiolla/id978696292?l=fi&mt=2"
"Erehdysekspertti","http://feeds.yle.fi/areena/v1/series/1-3030993.rss?lang=fi&downloadable=true","https://itunes.apple.com/fi/podcast/erehdysekspertti/id1041375680?l=fi&mt=2"
"Erityisvanhemman korjaussarja -podcast","http://feeds.soundcloud.com/users/soundcloud:users:402480456/sounds.rss",
"ERÄLOKI PODCAST","http://feeds.soundcloud.com/users/soundcloud:users:376301966/sounds.rss",
"Esports+","http://feeds.soundcloud.com/users/soundcloud:users:317498994/sounds.rss","https://itunes.apple.com/us/podcast/esports/id1256386662?mt=2"
"Esseekelaa","http://jakso.fi/podcastit/esseekelaa/feed",
"Fida Podcast","http://feeds.soundcloud.com/users/soundcloud:users:483994983/sounds.rss",
"Fonto Radio","http://fontoradio.fi/FontoRadio.xml","https://itunes.apple.com/fi/podcast/fonto-radio/id1069870364"
"Formulacast","http://feeds.soundcloud.com/users/soundcloud:users:279914436/sounds.rss","https://itunes.apple.com/us/podcast/formulacast/id1191849128?mt=2"
"Frontend Friday","http://feeds.feedburner.com/FrontendFriday","https://itunes.apple.com/fi/podcast/frontend-friday/id630470814?l=fi&mt=2"
"Future Proof by Workday Designers","http://feeds.soundcloud.com/users/soundcloud:users:503530896/sounds.rss",
"Geekki Podcast","http://feeds.soundcloud.com/users/soundcloud:users:258355594/sounds.rss",
"Grym+Jalkanen vs maailma","http://feeds.soundcloud.com/users/soundcloud:users:244075680/sounds.rss",
"Haapala&Sottinen Podcast","http://feeds.soundcloud.com/users/soundcloud:users:103688495/sounds.rss","https://itunes.apple.com/fi/podcast/haapala-sottinen-podcast/id947824450?l=fi&mt=2"
"hakaloylyt","http://feeds.soundcloud.com/users/soundcloud:users:186300468/sounds.rss",
"Hanna ja Joonas - Kermaperse & Komposti","https://rss.acast.com/kermaperse",
"Hanski & Jaska Show","http://feeds.soundcloud.com/users/soundcloud:users:220685187/sounds.rss",
"HATSOLO PODCAST","http://hatsolo.podbean.com/feed/",
"Helsinki Design Week Podcast","http://hdwpodcast.libsyn.com/rss","https://itunes.apple.com/us/podcast/id1274495051"
"Henki ja elämä: Suhdetohtori H. Neitsytsaari ja parisuhteen ihmeelliset ilmiöt","http://henkijaelama.fi/feed/podcast/",
"HessunKahvila","http://feeds.feedburner.com/Hessunkahvila","https://itunes.apple.com/fi/podcast/hessunkahvila-hessunkahvila/id130085879?l=fi&mt=2"
"Hikipodcast","http://feeds.soundcloud.com/users/soundcloud:users:383717216/sounds.rss",
"Historian nurkkapöytä","http://feeds.soundcloud.com/users/soundcloud:users:210474418/sounds.rss",
"Hiukkasviihdytin","http://feeds.soundcloud.com/users/soundcloud:users:453145734/sounds.rss",
"Huorapuutarha","http://feeds.soundcloud.com/users/soundcloud:users:274307856/sounds.rss",
"hypoteettinen podcast","https://hypoteettinenpodcast.podiant.co/rss/",
"Hyvän sään aikana","https://mondediplo.fi/podcast/hyvansaanaikana.xml",
"Hyvät ihmiset","http://feeds.soundcloud.com/users/soundcloud:users:302067905/sounds.rss","https://itunes.apple.com/us/podcast/id1315442508"
"Hyvää huomista","https://www.sitra.fi/artikkelityypit/podcast/feed/",
"Hölkkäuutiset","http://feeds.soundcloud.com/users/soundcloud:users:191481369/sounds.rss",
"Ihanat Ipanat","http://rss.acast.com/ihanatipanat","https://itunes.apple.com/us/podcast/ihanat-ipanat/id1229843961?mt=2"
"Ihmisiä, siis eläimiä","http://feeds.soundcloud.com/users/soundcloud:users:358481639/sounds.rss",
"Iitti-podcast","http://feeds.soundcloud.com/users/soundcloud:users:411167364/sounds.rss",
"Ikkunastudio","http://simplecast.fm/podcasts/1054/rss","https://itunes.apple.com/fi/podcast/ikkunastudio/id973085893?l=fi&mt=2"
"Impulssi-podcast","https://impulssilvm.fi/category/podcastit/feed/","https://subscribeonandroid.com/impulssilvm.fi/category/podcastit/feed/"
"InspiRadio Podcast","http://inspiradio.libsyn.com/rss","https://itunes.apple.com/fi/podcast/inspiradio-podcast/id960799115?l=fi&mt=2"
"Intiaanit tullee!","https://feeds.yle.fi/areena/v1/series/1-4172970.rss?lang=fi&downloadable=true",
"Iris & Melissa: Jatkoilla","http://feeds.soundcloud.com/users/soundcloud:users:287091984/sounds.rss","https://itunes.apple.com/fi/podcast/iris-melissa-jatkoilla/id1215904993?mt=2"
"Iso Kolmonen","http://feeds.soundcloud.com/users/soundcloud:users:306095969/sounds.rss","https://itunes.apple.com/us/podcast/iso-kolmonen/id1257505147?mt=2"
"IT-työn tulevaisuus","http://feeds.soundcloud.com/users/soundcloud:users:333583067/sounds.rss",
"Jari & Otto Show","http://feeds.soundcloud.com/users/soundcloud:users:533609829/sounds.rss",
"Jari Sarasvuo","http://feeds.yle.fi/areena/v1/series/1-1791080.rss?lang=fi&downloadable=true","https://itunes.apple.com/fi/podcast/jari-sarasvuo/id593431292?mt=2"
"Jose Ahonen - Pään Sisällä podcast","http://joseahonen.podbean.com/feed/",
"Jumikemut","https://feeds.soundcloud.com/users/soundcloud:users:290487865/sounds.rss",
"Just sopivasti","http://feeds.soundcloud.com/users/soundcloud:users:190069834/sounds.rss",
"JuttaxKaisa","http://feeds.soundcloud.com/users/soundcloud:users:265404295/sounds.rss",
"Jäljillä","http://feeds.soundcloud.com/users/soundcloud:users:425252139/sounds.rss",
"Jäljillä","http://feeds.soundcloud.com/users/soundcloud:users:425252139/sounds.rss",
"Jälkipyykkipäivä Podcast","http://feeds.soundcloud.com/users/soundcloud:users:131457154/sounds.rss","https://itunes.apple.com/fi/podcast/jalkipyykkipaiva-podcast/id960694411?l=fi&mt=2"
"Järkytä avoimuudella","http://feeds.soundcloud.com/users/soundcloud:users:251625717/sounds.rss",
"Kaarlen podcastit","http://feeds.soundcloud.com/users/soundcloud:users:4624400/sounds.rss","https://itunes.apple.com/fi/podcast/kaarlen-podcastit/id990602615?l=fi&mt=2"
"Kadonnut","http://feeds.yle.fi/areena/v1/series/1-3269144.rss?lang=fi&downloadable=true",
"Kaikille teille","http://feeds.soundcloud.com/users/soundcloud:users:204199081/sounds.rss","https://itunes.apple.com/fi/podcast/kaikille-teille/id1082227723?l=fi&mt=2"
"KAISTAVAHTI BY SIR TOIVONEN","http://rss.acast.com/kaistavaihti","https://itunes.apple.com/us/podcast/kaistavahti-by-sir-toivonen/id1237314255?mt=2"
"Kalle Haatanen","https://feeds.yle.fi/areena/v1/series/1-1853467.rss?lang=fi&downloadable=true",
"Kamppailukatsaus","http://feeds.soundcloud.com/users/soundcloud:users:17989979/sounds.rss",
"Kamraatit Podcast","http://kamraatit.libsyn.com/rss","https://itunes.apple.com/fi/podcast/kamraatit-podcast/id919953060?l=fi&mt=2"
"Kara Kuumana - Johtamisen jyväsiä","http://feeds.soundcloud.com/users/soundcloud:users:300193001/sounds.rss",
"Kasper & Mikko - Suomen suosituin podcast","http://rss.acast.com/suomensuosituinpodcast","https://itunes.apple.com/us/podcast/kasper-mikko-suomen-suosituin-podcast/id1276305505?mt=2"
"Kasvatusviisautta kiireisille","https://feeds.yle.fi/areena/v1/series/1-4362015.rss?lang=fi&downloadable=true",
"Kasvumatka","https://cms.podcastit.me/podcast/kasvumatka/feed/","https://itunes.apple.com/fi/podcast/kasvumatka/id1406311500?mt=2&ls=1#episodeGuid=http%3A%2F%2Fcms.podcastit.me%2F%3Fp%3D515"
"Kekkonen Pelastaa Maailman - Juuso Kekkonen","http://feeds.podtrac.com/2y16PEOwKxvb",
"Kenen vuoro?","http://feeds.soundcloud.com/users/soundcloud:users:502908660/sounds.rss",
"Kevytyrittäjyys podcast","http://feeds.soundcloud.com/users/soundcloud:users:303560318/sounds.rss",
"Kielikorva","http://feeds.soundcloud.com/users/soundcloud:users:501304179/sounds.rss",
"KinoSilmä","http://feeds.feedburner.com/kinos","https://itunes.apple.com/fi/podcast/kinosilma/id214633203?l=fi&mt=2"
"Kirjahetki","https://anchor.fm/s/6aceeb8/podcast/rss",
"Kirjakerho","http://feeds.yle.fi/areena/v1/series/1-1257264.rss?lang=fi&downloadable=true","https://itunes.apple.com/fi/podcast/kirjakerho/id993152637?l=fi&mt=2"
"Kirjanmerkki","https://rss.simplecast.com/podcasts/8209/rss",
"Kirjapinon takaa -podcast","http://feeds.soundcloud.com/users/soundcloud:users:340278973/sounds.rss",
"Kirjoittamisesta","http://jakso.fi/podcastit/kirjoittamisesta/feed","https://itunes.apple.com/us/podcast/id1210163350?mt=2&at=1000lwWI"
"Kolme miestä ja elokuvasauva","http://feeds.soundcloud.com/users/soundcloud:users:1420751/sounds.rss",
"Komediaradio-podcast","http://feeds.soundcloud.com/users/soundcloud:users:327520824/sounds.rss",
"Kontrolleri Podcast","http://feeds.soundcloud.com/users/soundcloud:users:147161844/sounds.rss","https://itunes.apple.com/fi/podcast/vptvcast/id983967691?l=fi&mt=2"
"Kuin Ananas ja Kookos","http://kuinananasjakookos.libsyn.com/rss",
"Kuulitsä","http://feeds.soundcloud.com/users/soundcloud:users:51214887/sounds.rss","https://itunes.apple.com/fi/podcast/kuulitsa/id1152279299?mt=2"
"Kyberykset","http://kyberykset.libsyn.com/rss",
"Kymppikerho","http://feeds.soundcloud.com/users/soundcloud:users:431068578/sounds.rss",
"Lapin Kansan podcastit","http://feeds.soundcloud.com/users/soundcloud:users:183727954/sounds.rss",
"Lautakunta","http://feeds.soundcloud.com/users/soundcloud:users:201911010/sounds.rss",
"Lautapelihetki","https://anchor.fm/s/2c1ef88/podcast/rss",
"Lepopäivä","http://feeds.podtrac.com/_e3P-1OrTiz9","https://itunes.apple.com/fi/podcast/lepopaiva/id722853626?mt=2"
"Lily Talks","https://rss.simplecast.com/podcasts/4884/rss","https://itunes.apple.com/fi/podcast/lily-talks/id1380196578"
"Lindgren & Sihvonen","http://feeds.yle.fi/areena/v1/series/1-2320317.rss?lang=fi","https://itunes.apple.com/fi/podcast/lindgren-sihvonen/id993141079?mt=2&uo=4&at=10l4Yx&app=itunes"
"Loose Ends Podcast","http://feeds.soundcloud.com/users/soundcloud:users:342504760/sounds.rss",
"Loukomiehen koulu","http://feeds.soundcloud.com/users/soundcloud:users:180127377/sounds.rss","https://itunes.apple.com/fi/podcast/loukomiehen-koulu-osa-1-tuomo/id1101710083?i=366453880&l=fi&mt=2"
"Lukuvika","http://feeds.soundcloud.com/users/soundcloud:users:334747442/sounds.rss",
"Luontovalokuvan jäljillä","http://feeds.yle.fi/areena/v1/series/1-2974735.rss?lang=fi&downloadable=true","https://itunes.apple.com/fi/podcast/luontovalokuvan-jaljilla/id1035621086?l=fi&mt=2"
"Luovia: Podcast taiteesta, yrittäjyydestä ja luovuudesta","http://feeds.soundcloud.com/users/soundcloud:users:312513782/sounds.rss",
"Lähdesuoja","http://jakso.fi/podcastit/lahdesuoja/feed","https://itunes.apple.com/fi/podcast/lahdesuoja/id1048467421?mt=2&ls=1&at=1000lwWI"
"Länsirannikon Salibandyfoorumi","http://feeds.soundcloud.com/users/soundcloud:users:309595133/sounds.rss",
"Maa & taivas","https://feeds.soundcloud.com/users/soundcloud:users:419965962/sounds.rss",
"Magnus och Peppes podcast","http://rss.acast.com/magnusochpeppe","https://itunes.apple.com/fi/podcast/magnus-och-peppes-podcast/id723772584?mt=2"
"Markkinointimania","http://feeds.feedburner.com/markkinointimania","https://itunes.apple.com/fi/podcast/markkinointimania/id908928644?l=fi&mt=2"
"MarkkinointiRadio","http://feeds.soundcloud.com/users/soundcloud:users:446979957/sounds.rss",
"Marraslahden radio","http://aavetaajuus.fi/blog/kategoria/marraslahden-radio/feed/podcast/",
"Matkalla Trumpin Amerikkaan","http://feeds.soundcloud.com/users/soundcloud:users:267383885/sounds.rss","https://itunes.apple.com/fi/podcast/matkalla-trumpin-amerikkaan/id1174872428?l=fi&mt=2"
"Mellan raderna - en podcast om läsning","http://feeds.soundcloud.com/users/soundcloud:users:175684260/sounds.rss","https://itunes.apple.com/se/podcast/mellan-raderna-en-podcast-om-l%C3%A4sning/id1046991624?mt=2"
"Menestyksen Määritelmä Podcast","http://feeds.soundcloud.com/users/soundcloud:users:342917134/sounds.rss","https://itunes.apple.com/fi/podcast/menestyksen-m%C3%A4%C3%A4ritelm%C3%A4-podcast/id1332461764?mt=2"
"Menkää ja Tehkää","http://feeds.soundcloud.com/users/soundcloud:users:87152068/sounds.rss","https://itunes.apple.com/fi/podcast/menkaa-ja-tehkaa/id1052603599?l=fi&mt=2"
"Metti & Hanna","https://rss.acast.com/mettijahanna","https://itunes.apple.com/fi/podcast/metti-hanna/id1350223022?mt=2"
"Miekkailu-podcast","http://feeds.soundcloud.com/users/soundcloud:users:403556376/sounds.rss","https://itunes.apple.com/fi/podcast/miekkailu-podcast/id1351288993?mt=2"
"Mielen matkalla","https://tools.planetradio.co.uk/core/podcasts/rss.php?name=mielen-matkalla",
"MIKA EIRTOVAARA PODCAST","http://mikaepodcast.podbean.com/feed","https://itunes.apple.com/fi/podcast/mika-eirtovaara-podcast/id978172830?l=fi&mt=2"
"Mikä maksaa?","http://feeds.yle.fi/areena/v1/series/1-1811853.rss","https://itunes.apple.com/fi/podcast/mika-maksaa/id638688539?mt=2&uo=4&at=10l4Yx&app=itunes"
"Mikä meitä vaivaa?","http://feeds.soundcloud.com/users/soundcloud:users:324727948/sounds.rss",
"Minun Itämereni","https://cms.podcastit.me/podcast/minun-itamereni/feed/","https://itunes.apple.com/fi/podcast/minun-it%C3%A4mereni/id1393513546?mt=2&ls=1#episodeGuid=http%3A%2F%2Fcms.podcastit.me%2F%3Fp%3D411"
"Minä & minä","http://jakso.fi/podcastit/mina-ja-mina/feed","https://itunes.apple.com/fi/podcast/mina-mina/id1184329272?mt=2&ls=1&at=1000lwWI"
"Mistä maailma puhuu","https://feeds.yle.fi/areena/v1/series/1-4225655.rss?lang=fi&downloadable=true","https://itunes.apple.com/fi/podcast/mist%C3%A4-maailma-puhuu/id1280524439?l=fi&mt=2"
"Moottoriturvat","http://moottoriturvat.fi/rss",
"Motivaatiomies","http://feeds.soundcloud.com/users/soundcloud:users:182550811/sounds.rss",
"Musikaalimatkassa","http://feeds.soundcloud.com/users/soundcloud:users:312331366/sounds.rss","https://itunes.apple.com/au/podcast/musikaalimatkassa/id1275630297"
"Muturadio","http://feeds.soundcloud.com/users/soundcloud:users:338712257/sounds.rss",
"MyTech","https://cms.podcastit.me/podcast/mytech/feed/","https://itunes.apple.com/fi/podcast/mytech/id1425793403?mt=2&ls=1#episodeGuid=http%3A%2F%2Fcms.podcastit.me%2F%3Fp%3D590"
"MyyntiKoneisto Podcast by Jan Ropponen","http://feeds.soundcloud.com/users/soundcloud:users:308588046/sounds.rss",
"Mätäkuu Podcast","http://feeds.soundcloud.com/users/soundcloud:users:212710564/sounds.rss",
"NBA-tuokio","http://jakso.fi/podcastit/nba-tuokio/feed","https://itunes.apple.com/fi/podcast/nba-tuokio/id1296649091?l=fi&mt=2"
"Nelinpeli","http://feeds.feedburner.com/NelinpeliPodcast","https://itunes.apple.com/fi/podcast/nelinpeli/id508810768?l=fi&mt=2"
"Nerdic Podcast","http://feeds.podiant.co/nerdicpodcast/rss.xml",
"NFL Jenarihait","http://feeds.soundcloud.com/users/soundcloud:users:199540640/sounds.rss","https://itunes.apple.com/fi/podcast/nfl-jenarihait/id1075605802?mt=2"
"Noin viikon radio","http://feeds.yle.fi/areena/v1/series/1-3436377.rss?lang=fi&downloadable=true","https://itunes.apple.com/fi/podcast/noin-viikon-radio/id1110243568?l=fi&mt=2"
"Nordea Markets Insights FI","http://feeds.soundcloud.com/users/soundcloud:users:213460014/sounds.rss",
"Nuoren Voiman Lavarunoradio","http://jakso.fi/podcastit/lavarunoradio/feed","https://itunes.apple.com/fi/podcast/nuoren-voiman-lavarunoradio/id1299537212?l=fi&mt=2&at=1000lwWI&ls=1#episodeGuid=http%3A%2F%2Fjakso.fi%2F%3Fp%3D1156"
"Näin tutkimukseni on muuttanut maailmaa","https://cms.podcastit.me/podcast/luke/feed/","https://itunes.apple.com/fi/podcast/luonnonvarakeskuksen-podcast/id1375428857?mt=2&ls=1#episodeGuid=http%3A%2F%2Fcms.podcastit.me%2F%3Fp%3D479"
"Näkövammaisten liitto","http://feeds.soundcloud.com/users/soundcloud:users:281939335/sounds.rss",
"Oispa viinii!","https://rss.simplecast.com/podcasts/7223/rss","https://itunes.apple.com/fi/podcast/oispa-viinii/id1433578907?l=fi&mt=2"
"Oma huone","http://feeds.soundcloud.com/users/soundcloud:users:392324175/sounds.rss",
"Omaa luokkaa","http://feeds.soundcloud.com/users/soundcloud:users:313022821/sounds.rss","https://itunes.apple.com/us/podcast/omaa-luokkaa/id1248289667?mt=2"
"OP Sijoittajakoulu","http://feeds.soundcloud.com/users/soundcloud:users:224130755/sounds.rss","https://itunes.apple.com/fi/podcast/op-sijoittajakoulu/id1111791807?mt=2"
"OP Sijoittajakoulu","http://feeds.soundcloud.com/users/soundcloud:users:224130755/sounds.rss",
"Outo laakso","https://feeds.yle.fi/areena/v1/series/1-4574496.rss?lang=fi&downloadable=true",
"Outo maa","http://feeds.soundcloud.com/users/soundcloud:users:329635079/sounds.rss",
"Pakkotoisto Podcast","http://feeds.soundcloud.com/users/soundcloud:users:191049623/sounds.rss",
"Paleoradio","http://feeds.soundcloud.com/users/soundcloud:users:85044028/sounds.rss","https://itunes.apple.com/fi/podcast/paleoradio/id1035230412?l=fi&mt=2"
"Palkittu","https://cms.podcastit.me/podcast/palkittu/feed/","https://itunes.apple.com/fi/podcast/palkittu/id1361524513?mt=2&ls=1#episodeGuid=http%3A%2F%2Fcms.podcastit.me%2F%3Fp%3D507"
"Paluu tulevaisuuteen","http://feeds.soundcloud.com/users/soundcloud:users:387144515/sounds.rss","https://itunes.apple.com/fi/podcast/paluu-tulevaisuuteen/id1338838705"
"Paluu tulevaisuuteen","http://feeds.soundcloud.com/users/soundcloud:users:387144515/sounds.rss","https://itunes.apple.com/fi/podcast/paluu-tulevaisuuteen/id1338838705?l=fi&mt=2"
"Parempi lounas","http://feeds.soundcloud.com/users/soundcloud:users:338814784/sounds.rss","https://itunes.apple.com/fi/podcast/parempi-lounas/id1300111767?l=fi&mt=2"
"Parempi tarina","http://feeds.soundcloud.com/users/soundcloud:users:132988934/sounds.rss","https://itunes.apple.com/fi/podcast/parempi-tarina/id966106617?l=fi&mt=2"
"PBC","http://pelaajaboardcast.fi/feed/podcast/","https://itunes.apple.com/fi/podcast/pbc/id931920547?mt=2&ls=1"
"Pelaajacast","http://www.pelaajalehti.com/feed/podcast/","https://itunes.apple.com/fi/podcast/pelaajacast/id287435223?l=fi&mt=2"
"Pelidialogi","http://pelidialogi.fi/podcast.rss","https://itunes.apple.com/fi/podcast/pelidialogi/id1081099386"
"Perho & Pääskysaari","https://tools.planetradio.co.uk/core/podcasts/rss.php?name=perho-ja-paaskysaari",
"Perttu Häkkinen","http://feeds.yle.fi/areena/v1/series/1-1792200.rss?lang=fi&downloadable=true","https://itunes.apple.com/fi/podcast/perttu-hakkinen/id593439124?mt=2&uo=4&at=10l4Yx&app=itunes"
"Petri Toikkanen","http://feeds.soundcloud.com/users/soundcloud:users:262356821/sounds.rss",
"Pettu","http://cms.podcastit.me/podcast/pettu/feed/","https://itunes.apple.com/fi/podcast/pettu/id1228603005?mt=2&ls=1"
"Pihlajalinna-podcast","http://cms.podcastit.me/podcast/pihlajalinna/feed/","https://itunes.apple.com/fi/podcast/pihlajalinna-podcast/id1324968465"
"PikaPika Podcast","https://feedpress.me/PikaPikaPodcast",
"Pikkurikollisia","https://anchor.fm/s/5041758/podcast/rss","https://itunes.apple.com/fi/podcast/pikkurikollisia/id1408735753?mt=2"
"Pimeä laatikko","http://feeds.soundcloud.com/users/soundcloud:users:397683273/sounds.rss",
"Podcast and Notes – Explore Finland Radio Show","http://feeds.feedburner.com/ExploreFinlandRadio","https://itunes.apple.com/fi/podcast/explore-finland-radio-show/id948019018"
"Podcast – Henry Lehto","http://feeds.feedburner.com/takaisinkirjoituspoydalle","https://itunes.apple.com/fi/podcast/henry-lehto-stand-up-komiikkablogi/id926112217?l=fi&mt=2"
"Podcast – Marko Kaartinen","https://markokaartinen.net/kategoria/podcast/feed",
"Podcast – Meinunate","https://feeds.feedburner.com/Meinunate-Podcast?format=xml","https://itunes.apple.com/fi/podcast/meinunate-podcast/id1090539525"
"PodKaista","http://feeds.feedburner.com/Podkaista","https://itunes.apple.com/fi/podcast/podkaista/id288291548?l=fi&mt=2"
"poikkitaiteellista-eitanssia","http://feeds.feedburner.com/Poikkitaiteellista-eitanssia",
"Politbyroo","http://feeds.soundcloud.com/users/soundcloud:users:266044321/sounds.rss",
"Polkuporinat","https://feeds.podcastmirror.com/polkuporinat",
"Pop-Filtteri Podcast","http://popfiltteripodcast.podomatic.com/rss2.xml","https://itunes.apple.com/fi/podcast/pop-filtteri-podcast/id1061999454?l=fi&mt=2"
"Premium Value Bets Betcast","http://valuebets.fi/feed/podcast","https://itunes.apple.com/fi/podcast/premium-value-bets-betcast/id988330004?mt=2"
"ps. tykitellään","http://jakso.fi/podcastit/ps-tykitellaeaen/feed",
"Psykoprat","http://feeds.soundcloud.com/users/soundcloud:users:247978564/sounds.rss",
"Puhekupla","http://feeds.soundcloud.com/users/soundcloud:users:193985368/sounds.rss","https://itunes.apple.com/us/podcast/puhekupla/id1076242825?mt=2"
"Puhetta maailmasta -podcast","http://feeds.soundcloud.com/users/soundcloud:users:436135389/sounds.rss",
"PuhujainKulma","http://feeds.feedburner.com/PuhujainKulma","https://itunes.apple.com/fi/podcast/puhujainkulma/id250286879?l=fi&mt=2"
"Pulloposti-podcast","https://feeds.buzzsprout.com/184589.rss",
"Pyöreä pöytä","http://feeds.yle.fi/areena/v1/series/1-2587342.rss?lang=fi&downloadable=true",
"Päivystävät dosentit","https://feeds.yle.fi/areena/v1/series/1-4113529.rss?lang=fi&downloadable=true",
"Päivän mietelause","http://feeds.yle.fi/areena/v1/series/1-2316565.rss?lang=fi&downloadable=true","https://itunes.apple.com/fi/podcast/paivan-mietelause/id993154043?l=fi&mt=2"
"Radio Sodoma","https://feeds.yle.fi/areena/v1/series/1-4150922.rss?lang=fi&downloadable=true","https://itunes.apple.com/fi/podcast/radio-sodoma/id1243453820?mt=2"
"Radio Wyrd Podcast","http://radiowyrd.podomatic.com/rss2.xml",
"Rakkaudella, Lasse ja Konsta","https://feeds.soundcloud.com/users/soundcloud:users:233248431/sounds.rss",
"Ranskaa raakana!","http://isosavi.podbean.com/feed/",
"Raumam Boikien tarina","http://raumamboikientarina.libsyn.com/rss","https://itunes.apple.com/en/podcast/raumam-boikien-tarina/id1113995158?mt=2"
"Reeta ja improihmiset","http://feeds.soundcloud.com/users/soundcloud:users:315362297/sounds.rss",
"Respawn.fi Podcast","https://anchor.fm/s/53c25bc/podcast/rss","https://itunes.apple.com/us/podcast/respawn-fi-podcast/id1409779175?mt=2"
"Rikospaikkaradio","https://tools.planetradio.co.uk/core/podcasts/rss.php?name=rikospaikkaradio",
"Rookie","http://jakso.fi/podcastit/rookie/feed",
"Rotuopin kahdeksat kasvot","https://feeds.yle.fi/areena/v1/series/1-4255663.rss?lang=fi&downloadable=true",
"Ruohonjuuri Podcast","http://feeds.soundcloud.com/users/soundcloud:users:307968161/sounds.rss",
"Ruokola²","http://ruokola2.libsyn.com/rss","https://itunes.apple.com/fi/podcast/ruokola2/id1046787881?l=fi&mt=2"
"Ruutuääni","http://feeds.feedburner.com/Ruutuaani","https://itunes.apple.com/fi/podcast/ruutu%C3%A4%C3%A4ni/id1214621735?l=fi&mt=2"
"Rötöspojat","http://feeds.soundcloud.com/users/soundcloud:users:162706815/sounds.rss",
"SalesComm KasvuPodcast","http://feeds.soundcloud.com/users/soundcloud:users:152262441/sounds.rss","https://itunes.apple.com/fi/podcast/salescomm-kasvupodcast/id995155479?l=fi&mt=2"
"Se alkuperäinen WP podcast","http://feeds.soundcloud.com/users/soundcloud:users:258269496/sounds.rss",
"Second Act","http://secondact.fi/podcast/","http://itunes.apple.com/fi/podcast/second-act/id397672595"
"Siinä sivussa -kirjastopodcast","http://feeds.soundcloud.com/users/soundcloud:users:411740259/sounds.rss","https://itunes.apple.com/fi/podcast/siin%C3%A4-sivussa-kirjastopodcast/id1369964748?l=fi&mt=2"
"Sivistyssanabattle","http://tools.planetradio.co.uk/core/podcasts/rss.php?name=sivistyssanabattle",
"Sivumennen","http://feeds.soundcloud.com/users/soundcloud:users:205510132/sounds.rss","https://itunes.apple.com/fi/podcast/sivumennen/id1084652670?l=fi&mt=2"
"Sivupolkuja","http://feeds.soundcloud.com/users/soundcloud:users:180092900/sounds.rss","https://itunes.apple.com/fi/podcast/sivupolkuja/id1050622252?l=fi&mt=2"
"SKR PODCAST","https://www.blubrry.com/feeds/skr_podcast.xml","https://itunes.apple.com/fi/podcast/skr-podcast/id1435527784"
"Slush","https://cms.podcastit.me/podcast/slush/feed/","https://itunes.apple.com/fi/podcast/slush/id1387759712?mt=2&ls=1#episodeGuid=http%3A%2F%2Fcms.podcastit.me%2F%3Fp%3D606"
"Social Selling Mastery","http://feeds.soundcloud.com/users/soundcloud:users:86894983/sounds.rss",
"SomeCast","http://feeds.soundcloud.com/users/soundcloud:users:186710143/sounds.rss",
"Soraääniä - Epäsuoraa järkipuhetta","https://soraaania.podbean.com/feed/",
"Spam Filter","https://cms.podcastit.me/podcast/spam-filter/feed/",
"Sporttimeisterit","https://tools.planetradio.co.uk/core/podcasts/rss.php?name=sporttimeisterit",
"StartTalk","http://feeds.soundcloud.com/users/soundcloud:users:186768483/sounds.rss","https://itunes.apple.com/fi/podcast/starttalk/id1090725111?mt=2"
"Startup Radio","http://www.radiohelsinki.fi/feed/?post_type=rh_podcast&rh_program_id=50181","https://itunes.apple.com/fi/podcast/startup-radio/id1277064752?mt=2"
"Steal my job","http://cms.podcastit.me/podcast/stealmyjob/feed/","https://itunes.apple.com/fi/podcast/steal-my-job/id1276132966?mt=2"
"Studio Street - Vieraissa","http://feeds.soundcloud.com/users/soundcloud:users:253313854/sounds.rss",
"Stunned Podcast","http://feeds.soundcloud.com/users/soundcloud:users:216918197/sounds.rss",
"Sulopuisto-Onninen-Arnkil","http://jakso.fi/podcastit/soacast/feed","https://itunes.apple.com/fi/podcast/sulopuisto-onninen-arnkil/id1043949453?mt=2&ls=1&at=1000lwWI"
"Suomen Kuvalehti","http://suomenkuvalehti.fi/kategoria/podcast/feed/podcast/","https://itunes.apple.com/fi/podcast/suomen-kuvalehti/id1164414248?mt=2"
"Suomi mainittu! Ulkoministeriön podcast","http://feeds.soundcloud.com/users/soundcloud:users:383667494/sounds.rss","https://itunes.apple.com/us/podcast/suomi-mainittu-ulkoministeri%C3%B6n-podcast/id1336971015?mt=2"
"Suomi.fi","http://cms.podcastit.me/podcast/suomifi/feed/","https://itunes.apple.com/fi/podcast/suomi-fi/id1280512901?mt=2"
"Suomidigi","https://cms.podcastit.me/podcast/suomidigi/feed/","https://itunes.apple.com/fi/podcast/suomidigi/id1378977523?mt=2&ls=1#episodeGuid=http%3A%2F%2Fcms.podcastit.me%2F%3Fp%3D349"
"Surfer Of Life","http://shoutengine.com/SurferOfLife.xml","https://itunes.apple.com/fi/podcast/surfer-of-life/id1272668438?mt=2"
"Suuri hesalainen kirjakerho","http://www.radiohelsinki.fi/feed/?post_type=rh_podcast&rh_program_id=12123",
"Takakansi - podcast kirjoista ja lukemisesta","http://feeds.soundcloud.com/users/soundcloud:users:381159740/sounds.rss",
"Takapölkky Podcast","http://feeds.soundcloud.com/users/soundcloud:users:280236295/sounds.rss",
"Taking a Turn","https://cms.podcastit.me/podcast/taking-a-turn/feed/","https://itunes.apple.com/fi/podcast/taking-a-turn/id1390561326?mt=2&ls=1#episodeGuid=http%3A%2F%2Fcms.podcastit.me%2F%3Fp%3D393"
"Talousgurut","http://feeds.soundcloud.com/users/soundcloud:users:456107877/sounds.rss",
"Tangentti","https://www.konsolifin.net/podcast/tangentti.rss",
"Tapani Aulu","http://feeds.soundcloud.com/users/soundcloud:users:42116772/sounds.rss",
"Tarina","http://jakso.fi/podcastit/tarina/feed","https://itunes.apple.com/us/podcast/tarina/id1290784397?mt=2"
"Taskupuhelu","http://feeds.feedburner.com/taskupuhelu","https://itunes.apple.com/fi/podcast/taskupuhelu/id917115216?l=fi&mt=2"
"Terveys Edellä Radio by Sanna Mämmi","http://rss.acast.com/terveysedella","https://itunes.apple.com/us/podcast/terveys-edell%C3%A4-radio-by-sanna-m%C3%A4mmi/id1282617715?mt=2"
"The Ulkopolitist","http://feeds.soundcloud.com/users/soundcloud:users:166395537/sounds.rss",
"The YesFinland Podcast","http://yesfinland.com/feed/podcast",
"Tiedeykkönen Extra","https://feeds.yle.fi/areena/v1/series/1-4039204.rss?lang=fi&downloadable=true",
"Time to Shine Podcast : Public speaking | Communication skills | Storytelling","http://www.timetoshinepodcast.com/feed/podcast/","https://itunes.apple.com/fi/podcast/time-to-shine-podcast/id930870411"
"Tornitus podcast","http://feeds.soundcloud.com/users/soundcloud:users:152420785/sounds.rss","https://itunes.apple.com/fi/podcast/tornitus-podcast/id1121756458"
"Totuuden ammattilaiset","https://cms.podcastit.me/podcast/totuuden-ammattilaiset/feed/","https://itunes.apple.com/fi/podcast/totuuden-ammattilaiset/id1411910820?mt=2&ls=1#episodeGuid=http%3A%2F%2Fcms.podcastit.me%2F%3Fp%3D553"
"Triangeli musiikkipodcast","http://feeds.soundcloud.com/users/soundcloud:users:475078536/sounds.rss",
"Tulevaisuuksien historia","http://feeds.yle.fi/areena/v1/series/1-4161921.rss?lang=fi&downloadable=true",
"Tulevaisuus hanskassa","https://feeds.yle.fi/areena/v1/series/1-4256464.rss?lang=fi&downloadable=true",
"TUNNEAGENTIT","http://feeds.soundcloud.com/users/soundcloud:users:492834420/sounds.rss","https://itunes.apple.com/fi/podcast/tunneagentit/id1435758384?l=fi&mt=2"
"Tuplariimi","http://jakso.fi/podcastit/tuplariimi/feed","https://itunes.apple.com/fi/podcast/tuplariimi/id1167115274?mt=2&at=1000lwWI"
"TV Tutuksi","http://feeds.soundcloud.com/users/soundcloud:users:148728971/sounds.rss","https://itunes.apple.com/fi/podcast/tv-tutuksi/id990617865?l=fi&mt=2"
"Tyyliniekan sisäpiiri","http://rss.acast.com/tyyliniekka","https://itunes.apple.com/fi/podcast/tyyliniekan-sis%C3%A4piiri/id1237313228?mt=2"
"Tyyppimuunnos","http://simplecast.fm/podcasts/370/rss","https://itunes.apple.com/fi/podcast/tyyppimuunnos/id959477744?l=fi&mt=2"
"Työelämän Soihdunkantajat","http://feeds.soundcloud.com/users/soundcloud:users:217447863/sounds.rss",
"Työmaana maailma","https://cms.podcastit.me/podcast/tyomaana-maailma/feed/","https://itunes.apple.com/fi/podcast/ty%C3%B6maana-maailma/id1397382020?mt=2&ls=1#episodeGuid=http%3A%2F%2Fcms.podcastit.me%2F%3Fp%3D441"
"Täytepuheradio","http://feeds.soundcloud.com/users/soundcloud:users:204045806/sounds.rss","https://itunes.apple.com/us/podcast/taytepuheradio/id1081539883?mt=2"
"Uljas","http://feeds.soundcloud.com/users/soundcloud:users:337692296/sounds.rss",
"Unelmaduunarit","http://rss.acast.com/unelmaduunarit","https://itunes.apple.com/us/podcast/unelmaduunarit/id1280891997?mt=2"
"UNIRESEPTI / Johannes Kajava","https://www.uniresepti.fi/feed/podcast",
"UNO podcast","http://feeds.soundcloud.com/users/soundcloud:users:293341337/sounds.rss",
"Urheilucast","http://feeds.soundcloud.com/users/soundcloud:users:514889814/sounds.rss",
"Urheilun ääni","http://feeds.soundcloud.com/users/soundcloud:users:204894308/sounds.rss","https://itunes.apple.com/fi/podcast/urheilun-aani/id1083346767"
"Uusi naapuri","https://koneensaatio.fi/arkisto/podcastit/feed/","https://itunes.apple.com/fi/podcast/uusi-naapuri/id1438098605?l=fi&mt=2"
"Uusimaa urheilutoimituksen podcastit","http://feeds.soundcloud.com/users/soundcloud:users:416495532/sounds.rss",
"Uutisraportti podcast","http://feeds.soundcloud.com/users/soundcloud:users:206661862/sounds.rss",
"Vahvaradio","https://pinecast.com/feed/vahvaradio",
"Vaiheessa","https://www.nordkapp.fi/vaiheessa/vaiheessa-rss.xml","https://itunes.apple.com/fi/podcast/vaiheessa/id1158179011?mt=2"
"Valeäidin nauhoitukset","http://feeds.soundcloud.com/users/soundcloud:users:291883731/sounds.rss",
"Valoaalloilla","http://feeds.soundcloud.com/users/soundcloud:users:211804045/sounds.rss","https://itunes.apple.com/fi/podcast/valoaalloilla/id1096179260?l=fi&mt=2"
"Valopäät -podcast","https://www.spreaker.com/show/3094686/episodes/feed","https://itunes.apple.com/us/podcast/valop%C3%A4%C3%A4t-podcast/id1434408564?mt=2"
"Valtuusto Podcast","https://feeds.soundcloud.com/users/soundcloud:users:311730461/sounds.rss",
"Vapautta ja vastuuta","https://rss.acast.com/vapauttajavastuuta","https://itunes.apple.com/la/podcast/vapautta-ja-vastuuta/id1312804300?mt=2"
"Vepsän käsikirja liftareille","http://liftari.libsyn.com/rss","https://itunes.apple.com/fi/podcast/veps%C3%A4n-k%C3%A4sikirja-liftareille/id1229651048"
"Veronkantaja","http://feeds.soundcloud.com/users/soundcloud:users:323739676/sounds.rss","https://itunes.apple.com/us/podcast/veronkantaja/id1317260444?mt=2"
"Very Finnish Problems","https://feeds.soundcloud.com/users/soundcloud:users:303727516/sounds.rss","https://itunes.apple.com/us/podcast/very-finnish-problems/id1230442329?mt=2"
"Vihreä särmiö","http://feeds.soundcloud.com/users/soundcloud:users:209668529/sounds.rss",
"Viihteellinen aarreaitta","http://www.markkuyp.fi/podcast/feed.xml",
"Vikasietotila","http://feeds.yle.fi/areena/v1/series/1-3356709.rss?lang=fi&downloadable=true","https://itunes.apple.com/fi/podcast/vikasietotila/id1092984919?l=fi&mt=2"
"Vikisijän podcast – Lopeta valittaminen ja aloita tekeminen","https://rss.simplecast.com/podcasts/4063/rss","https://itunes.apple.com/fi/podcast/vikisij%C3%A4n-podcast-lopeta-valittaminen-ja-aloita-tekeminen/id1330184047?l=fi&mt=2"
"VOEMAmedia","http://feeds.soundcloud.com/users/soundcloud:users:223216017/sounds.rss",
"Webbidevaus.fi","https://rss.simplecast.com/podcasts/4497/rss",
"Where IT Meets Business","http://feeds.soundcloud.com/users/soundcloud:users:328113157/sounds.rss",
"Yhteyshenkilöt","http://feeds.soundcloud.com/users/soundcloud:users:300111080/sounds.rss","https://itunes.apple.com/us/podcast/yhteyshenkil%C3%B6t/id1244627267?mt=2"
"Ymmärryspyrkimys","http://www.oleellisuus.info/feed/podcast",
"Ympyrätalon kulmilla","http://feeds.soundcloud.com/users/soundcloud:users:166557/sounds.rss","https://itunes.apple.com/fi/podcast/ympyr%C3%A4talon-kulmilla/id1190974323?l=fi&mt=2"
"Zetapodi","https://rss.simplecast.com/podcasts/7185/rss","https://itunes.apple.com/us/podcast/id1432647306"
"Älyvapaa Ajattelija","https://alyvapaa.fi/feed/podcast/",
"Ääniä kirjastosta - Lahden kirjaston podcast","http://feeds.soundcloud.com/users/soundcloud:users:367111919/sounds.rss",